feature,mean_abs_shap,mean_shap
feat_total_ues,0.03675535827249412,0.0033006614590280533
feat_mean_remaining_mig,0.03007964082235316,-0.00796884578134945
feat_mean_remaining_reinst,0.02814898138682787,0.009702701073286432
feat_vim1_ram,0.017743214217444857,-0.0028980187757280894
feat_vim1_cpu,0.013757267242881907,-0.0027863120928796887
feat_vim0_cpu,0.012021515635325783,-0.002170211403892799
feat_vim0_ram,0.010323100760331189,-0.0007839191827054183
feat_max_apt_score,0.0,0.0
feat_mean_apt_score,0.0,0.0
feat_max_dataleak_score,0.0,0.0
feat_mean_dataleak_score,0.0,0.0
feat_max_dos_score,0.0,0.0
feat_mean_dos_score,0.0,0.0
