feat_max_apt_score_bin,feat_mean_apt_score_bin,feat_max_dataleak_score_bin,feat_mean_dataleak_score_bin,feat_max_dos_score_bin,feat_mean_dos_score_bin,feat_vim0_cpu_bin,feat_vim0_ram_bin,feat_vim1_cpu_bin,feat_vim1_ram_bin,feat_mean_remaining_mig_bin,feat_mean_remaining_reinst_bin,feat_total_ues_bin,ci,cj,action
0,0,0,0,0,0,1,1,0,0,0,0,1,0,1,2
0,0,0,0,0,0,1,1,0,1,0,2,0,0,2,1
0,0,0,0,0,0,0,1,1,1,1,2,0,0,3,10
0,0,0,0,0,0,1,1,0,0,0,0,1,0,4,11
0,0,0,0,0,0,1,1,0,0,0,1,0,0,5,9
0,0,0,0,0,0,1,1,0,0,0,0,1,0,6,4
0,0,0,0,0,0,1,1,0,0,0,1,0,0,7,0
0,0,0,0,0,0,1,1,0,0,0,0,1,0,8,5
0,0,0,0,0,0,1,1,0,0,0,0,0,0,9,4
0,0,0,0,0,0,1,1,0,0,0,0,0,0,10,9
0,0,0,0,0,0,1,1,0,0,0,1,0,0,11,10
0,0,0,0,0,0,1,1,0,0,0,1,0,1,2,2
0,0,0,0,0,0,1,1,0,0,0,0,0,1,3,2
0,0,0,0,0,0,1,1,0,0,0,0,0,1,4,0
0,0,0,0,0,0,1,1,0,0,0,0,0,1,5,6
0,0,0,0,0,0,1,1,0,0,0,0,1,1,6,6
0,0,0,0,0,0,1,1,0,0,0,2,1,1,7,4
0,0,0,0,0,0,1,1,0,0,0,0,1,1,8,9
0,0,0,0,0,0,1,1,0,0,0,0,0,1,9,10
0,0,0,0,0,0,1,1,0,0,0,0,1,1,10,9
0,0,0,0,0,0,1,1,0,0,0,0,0,1,11,9
0,0,0,0,0,0,1,1,0,0,0,0,0,2,3,4
0,0,0,0,0,0,1,1,0,0,0,2,1,2,4,4
0,0,0,0,0,0,1,1,0,0,0,0,0,2,5,4
0,0,0,0,0,0,1,1,0,0,0,0,0,2,6,5
0,0,0,0,0,0,1,1,0,0,0,0,0,2,7,4
0,0,0,0,0,0,1,1,0,0,0,0,0,2,8,1
0,0,0,0,0,0,1,1,0,0,0,0,1,2,9,5
0,0,0,0,0,0,0,0,1,2,2,2,1,2,10,10
0,0,0,0,0,0,1,1,0,0,0,1,1,2,11,7
0,0,0,0,0,0,1,1,0,0,0,0,0,3,4,1
0,0,0,0,0,0,1,1,0,0,0,2,0,3,5,6
0,0,0,0,0,0,1,1,0,0,0,0,1,3,6,11
0,0,0,0,0,0,1,1,0,0,0,2,0,3,7,8
0,0,0,0,0,0,1,1,0,0,0,1,0,3,8,11
0,0,0,0,0,0,1,1,0,0,0,1,0,3,9,4
0,0,0,0,0,0,1,1,0,0,0,2,1,3,10,11
0,0,0,0,0,0,0,1,0,0,2,2,0,3,11,0
0,0,0,0,0,0,1,1,0,0,0,1,0,4,5,0
0,0,0,0,0,0,1,1,0,0,0,2,0,4,6,7
0,0,0,0,0,0,1,1,0,0,0,0,0,4,7,5
0,0,0,0,0,0,1,1,0,0,0,0,1,4,8,11
0,0,0,0,0,0,1,1,0,0,0,1,1,4,9,8
0,0,0,0,0,0,1,1,0,0,0,0,0,4,10,8
0,0,0,0,0,0,1,1,0,0,0,0,0,4,11,5
0,0,0,0,0,0,1,1,0,0,0,0,0,5,6,2
0,0,0,0,0,0,1,1,0,0,0,0,0,5,7,5
0,0,0,0,0,0,0,0,2,2,2,2,1,5,8,4
0,0,0,0,0,0,1,1,0,0,0,0,0,5,9,1
0,0,0,0,0,0,1,1,0,0,0,0,0,5,10,10
0,0,0,0,0,0,1,1,0,0,1,2,0,5,11,4
0,0,0,0,0,0,1,1,0,0,0,2,0,6,7,4
0,0,0,0,0,0,0,0,2,2,2,2,0,6,8,1
0,0,0,0,0,0,0,0,1,2,2,2,0,6,9,2
0,0,0,0,0,0,1,1,0,0,0,0,0,6,10,3
0,0,0,0,0,0,1,1,0,0,0,0,0,6,11,7
0,0,0,0,0,0,1,1,0,0,0,0,0,7,8,10
0,0,0,0,0,0,1,1,0,0,1,2,0,7,9,9
0,0,0,0,0,0,1,1,0,0,0,0,0,7,10,5
0,0,0,0,0,0,1,1,0,0,0,0,0,7,11,7
0,0,0,0,0,0,1,1,0,0,0,1,2,8,9,2
0,0,0,0,0,0,1,1,0,0,0,0,0,8,10,9
0,0,0,0,0,0,1,1,0,0,0,0,0,8,11,0
0,0,0,0,0,0,1,1,0,0,0,0,0,9,10,2
0,0,0,0,0,0,1,1,0,0,0,0,0,9,11,5
0,0,0,0,0,0,1,1,0,0,0,0,0,10,11,7
