feat_max_apt_score,feat_mean_apt_score,feat_max_dataleak_score,feat_mean_dataleak_score,feat_max_dos_score,feat_mean_dos_score,feat_vim0_cpu,feat_vim0_ram,feat_vim1_cpu,feat_vim1_ram,feat_mean_remaining_mig,feat_mean_remaining_reinst,feat_total_ues,ci,cj,action
5.5,1.5714285373687744,6.95703125,3.244419574737549,7.5,1.0714285373687744,26.0,196.625,16.0,96.5,0.0,15.428571701049805,60.0,0,1,1
5.5,1.5714285373687744,6.95703125,3.244419574737549,7.5,1.0714285373687744,26.0,196.625,16.0,96.5,0.0,0.0,21.0,0,2,2
5.5,1.5714285373687744,6.95703125,3.244419574737549,7.5,1.0714285373687744,26.0,196.625,14.0,93.9375,0.0,9.0,16.0,0,3,9
5.5,1.5714285373687744,6.95703125,3.244419574737549,7.5,1.0714285373687744,26.0,196.625,16.0,96.5,0.0,0.0,19.0,0,4,0
5.5,1.5714285373687744,6.95703125,3.244419574737549,7.5,1.0714285373687744,26.0,196.625,16.0,96.5,0.0,0.0,18.0,0,5,4
5.5,1.5714285373687744,6.95703125,3.244419574737549,7.5,1.0714285373687744,26.0,196.625,12.0,87.6875,6.0,32.14285659790039,16.0,0,6,0
5.5,1.5714285373687744,6.95703125,3.244419574737549,7.5,1.0714285373687744,18.0,180.375,24.0,112.625,6.285714149475098,32.28571319580078,27.0,0,7,9
5.5,1.5714285373687744,6.95703125,3.244419574737549,7.5,1.0714285373687744,26.0,196.625,16.0,95.875,0.0,0.0,15.0,0,8,0
5.5,1.5714285373687744,6.95703125,3.244419574737549,7.5,1.0714285373687744,26.0,196.625,16.0,95.875,0.0,2.7142856121063232,18.0,0,9,9
5.5,1.5714285373687744,6.95703125,3.244419574737549,7.5,1.0714285373687744,26.0,196.625,16.0,95.875,0.0,0.0,14.0,0,10,10
5.5,1.5714285373687744,6.95703125,3.244419574737549,7.5,1.0714285373687744,26.0,196.625,16.0,95.875,0.0,0.1428571492433548,10.0,0,11,0
5.5,1.5714285373687744,6.95703125,3.244419574737549,7.5,1.0714285373687744,26.0,196.625,16.0,96.5,0.0,0.0,62.0,1,2,7
5.5,1.5714285373687744,6.95703125,3.244419574737549,7.5,1.0714285373687744,18.0,184.5,22.0,106.0,4.857142925262451,30.428571701049805,15.0,1,3,0
5.5,1.5714285373687744,6.95703125,3.244419574737549,7.5,1.0714285373687744,26.0,196.625,16.0,96.5,0.0,0.0,25.0,1,4,0
5.5,1.5714285373687744,6.95703125,3.244419574737549,7.5,1.0714285373687744,26.0,196.625,16.0,96.5,0.0,0.0,30.0,1,5,4
5.5,1.5714285373687744,6.95703125,3.244419574737549,7.5,1.0714285373687744,26.0,196.625,16.0,96.625,0.0,21.428571701049805,44.0,1,6,7
5.5,1.5714285373687744,6.95703125,3.244419574737549,7.5,1.0714285373687744,26.0,196.625,14.0,94.5,0.0,18.714284896850582,49.0,1,7,10
5.5,1.5714285373687744,6.95703125,3.244419574737549,7.5,1.0714285373687744,26.0,196.625,14.0,93.8125,0.0,0.8571428656578064,14.0,1,8,6
5.5,1.5714285373687744,6.95703125,3.244419574737549,7.5,1.0714285373687744,26.0,196.625,16.0,95.625,0.0,14.142857551574709,0.0,1,9,0
5.5,1.5714285373687744,6.95703125,3.244419574737549,7.5,1.0714285373687744,26.0,196.625,12.0,87.875,0.0,20.85714340209961,34.0,1,10,3
5.5,1.5714285373687744,6.95703125,3.244419574737549,7.5,1.0714285373687744,26.0,196.625,16.0,95.875,0.0,0.0,24.0,1,11,0
5.5,1.5714285373687744,6.95703125,3.244419574737549,7.5,1.0714285373687744,26.0,196.625,10.0,86.375,0.0,7.857142925262451,82.0,2,3,9
5.5,1.5714285373687744,6.95703125,3.244419574737549,7.5,1.0714285373687744,26.0,196.625,16.0,95.9375,0.0,11.285714149475098,21.0,2,4,3
5.5,1.5714285373687744,6.95703125,3.244419574737549,7.5,1.0714285373687744,24.0,194.625,16.0,96.6875,2.4285714626312256,26.571428298950195,41.0,2,5,7
5.5,1.5714285373687744,6.95703125,3.244419574737549,7.5,1.0714285373687744,26.0,196.625,16.0,96.5,0.0,0.0,28.0,2,6,8
5.5,1.5714285373687744,6.95703125,3.244419574737549,7.5,1.0714285373687744,24.0,194.625,18.0,98.5625,4.142857074737549,28.85714340209961,45.0,2,7,8
5.5,1.5714285373687744,6.95703125,3.244419574737549,7.5,1.0714285373687744,26.0,196.625,16.0,96.0,0.0,25.28571510314941,37.0,2,8,4
5.5,1.5714285373687744,6.95703125,3.244419574737549,7.5,1.0714285373687744,26.0,196.625,12.0,87.75,0.0,0.5714285969734192,13.0,2,9,9
5.5,1.5714285373687744,6.95703125,3.244419574737549,7.5,1.0714285373687744,26.0,196.625,16.0,96.5,0.0,7.142857074737549,81.0,2,10,1
5.5,1.5714285373687744,6.95703125,3.244419574737549,7.5,1.0714285373687744,20.0,186.5,20.0,104.75,2.7142856121063232,26.714284896850582,39.0,2,11,0
5.5,1.5714285373687744,6.95703125,3.244419574737549,7.5,1.0714285373687744,26.0,196.625,16.0,96.5,0.0,0.0,37.0,3,4,2
5.5,1.5714285373687744,6.95703125,3.244419574737549,7.5,1.0714285373687744,20.0,186.5,20.0,104.375,5.142857074737549,30.85714340209961,26.0,3,5,6
5.5,1.5714285373687744,6.95703125,3.244419574737549,7.5,1.0714285373687744,22.0,188.5,20.0,103.875,0.1428571492433548,20.28571510314941,1.0,3,6,8
5.5,1.5714285373687744,6.95703125,3.244419574737549,7.5,1.0714285373687744,26.0,196.625,16.0,95.625,0.0,14.142857551574709,0.0,3,7,0
5.5,1.5714285373687744,6.95703125,3.244419574737549,7.5,1.0714285373687744,20.0,186.5,22.0,106.875,1.1428571939468384,24.85714340209961,49.0,3,8,3
5.5,1.5714285373687744,6.95703125,3.244419574737549,7.5,1.0714285373687744,20.0,186.5,22.0,106.0,4.285714149475098,28.428571701049805,12.0,3,9,8
5.5,1.5714285373687744,6.95703125,3.244419574737549,7.5,1.0714285373687744,26.0,196.625,14.0,94.4375,0.0,4.285714149475098,79.0,3,10,10
5.5,1.5714285373687744,6.95703125,3.244419574737549,7.5,1.0714285373687744,26.0,196.625,16.0,96.5,0.0,0.0,44.0,3,11,11
5.5,1.5714285373687744,6.95703125,3.244419574737549,7.5,1.0714285373687744,26.0,196.625,16.0,96.6875,8.428571701049805,33.71428680419922,36.0,4,5,7
5.5,1.5714285373687744,6.95703125,3.244419574737549,7.5,1.0714285373687744,26.0,196.625,16.0,95.75,0.0,18.28571510314941,0.0,4,6,3
5.5,1.5714285373687744,6.95703125,3.244419574737549,7.5,1.0714285373687744,26.0,196.625,16.0,96.5,0.0,0.0,27.0,4,7,6
5.5,1.5714285373687744,6.95703125,3.244419574737549,7.5,1.0714285373687744,20.0,186.5,22.0,106.0,4.285714149475098,28.14285659790039,11.0,4,8,8
5.5,1.5714285373687744,6.95703125,3.244419574737549,7.5,1.0714285373687744,26.0,196.625,16.0,96.5,0.0,0.0,34.0,4,9,5
5.5,1.5714285373687744,6.95703125,3.244419574737549,7.5,1.0714285373687744,26.0,196.625,16.0,96.5,0.0,6.428571224212647,81.0,4,10,11
5.5,1.5714285373687744,6.95703125,3.244419574737549,7.5,1.0714285373687744,26.0,196.625,16.0,95.875,0.0,0.0,24.0,4,11,11
5.5,1.5714285373687744,6.95703125,3.244419574737549,7.5,1.0714285373687744,26.0,196.625,16.0,95.75,0.0,17.0,0.0,5,6,1
5.5,1.5714285373687744,6.95703125,3.244419574737549,7.5,1.0714285373687744,26.0,196.625,16.0,95.875,0.0,1.0,14.0,5,7,4
5.5,1.5714285373687744,6.95703125,3.244419574737549,7.5,1.0714285373687744,26.0,196.625,16.0,96.5,0.0,0.0,28.0,5,8,5
5.5,1.5714285373687744,6.95703125,3.244419574737549,7.5,1.0714285373687744,26.0,196.625,16.0,95.875,0.0,0.0,24.0,5,9,10
5.5,1.5714285373687744,6.95703125,3.244419574737549,7.5,1.0714285373687744,26.0,196.625,16.0,96.5,0.0,0.0,55.0,5,10,11
5.5,1.5714285373687744,6.95703125,3.244419574737549,7.5,1.0714285373687744,26.0,196.625,12.0,87.875,0.0,10.428571701049805,22.0,5,11,0
5.5,1.5714285373687744,6.95703125,3.244419574737549,7.5,1.0714285373687744,20.0,186.5,22.0,105.75,2.2857143878936768,24.28571510314941,6.0,6,7,0
5.5,1.5714285373687744,6.95703125,3.244419574737549,7.5,1.0714285373687744,26.0,196.625,16.0,95.625,0.0,13.428571701049805,0.0,6,8,0
5.5,1.5714285373687744,6.95703125,3.244419574737549,7.5,1.0714285373687744,26.0,196.625,16.0,96.5,0.0,0.0,29.0,6,9,5
5.5,1.5714285373687744,6.95703125,3.244419574737549,7.5,1.0714285373687744,26.0,196.625,16.0,95.875,0.0,0.0,20.0,6,10,1
5.5,1.5714285373687744,6.95703125,3.244419574737549,7.5,1.0714285373687744,26.0,196.625,16.0,95.5625,0.5714285969734192,21.85714340209961,4.0,6,11,0
5.5,1.5714285373687744,6.95703125,3.244419574737549,7.5,1.0714285373687744,26.0,196.625,14.0,93.875,0.0,13.0,19.0,7,8,0
5.5,1.5714285373687744,6.95703125,3.244419574737549,7.5,1.0714285373687744,20.0,186.5,22.0,105.75,2.0,23.28571510314941,4.0,7,9,4
5.5,1.5714285373687744,6.95703125,3.244419574737549,7.5,1.0714285373687744,26.0,196.625,16.0,96.5,0.0,5.5714287757873535,79.0,7,10,6
5.5,1.5714285373687744,6.95703125,3.244419574737549,7.5,1.0714285373687744,26.0,196.625,14.0,94.4375,0.0,16.14285659790039,59.0,7,11,11
5.5,1.5714285373687744,6.95703125,3.244419574737549,7.5,1.0714285373687744,26.0,196.625,16.0,95.875,0.0,0.0,20.0,8,9,0
5.5,1.5714285373687744,6.95703125,3.244419574737549,7.5,1.0714285373687744,24.0,194.625,14.0,94.5,0.0,8.142857551574707,83.0,8,10,3
5.5,1.5714285373687744,6.95703125,3.244419574737549,7.5,1.0714285373687744,26.0,196.625,16.0,96.5,0.0,0.0,23.0,8,11,5
5.5,1.5714285373687744,6.95703125,3.244419574737549,7.5,1.0714285373687744,26.0,196.625,16.0,95.875,0.0,0.0,13.0,9,10,10
5.5,1.5714285373687744,6.95703125,3.244419574737549,7.5,1.0714285373687744,26.0,196.625,16.0,95.875,0.0,0.0,19.0,9,11,10
5.5,1.5714285373687744,6.95703125,3.244419574737549,7.5,1.0714285373687744,26.0,196.625,16.0,96.5,0.0,0.0,22.0,10,11,0
