model_name,seed,n_rows,match_rate,action_entropy,n_unique_actions,dominant_action,dominant_action_share,mean_delta,std_delta,mean_policy_entropy,mean_resource_diff,mean_network_diff,mean_security_diff,mean_total_abs_weighted_diff
dqn_model,0,100000,0.91073,1.073626636729251,12,0,0.76011,3.087585417841673,5.347905583804882,,,,,
dqn_model,1,100000,0.90875,1.1299365832832486,12,0,0.746,3.083076007962823,5.304879787338947,,,,,
dqn_model,2,100000,0.90896,1.0905161756408983,12,0,0.75725,2.7318092282800004,5.380999484210976,,,,,
dqn_model,3,100000,0.91079,1.092971921844387,12,0,0.75563,3.5685506036318095,5.171040397579991,,,,,
dqn_model,4,100000,0.91136,1.1094030516451137,12,0,0.7482,3.221525284721479,5.06419714263905,,,,,
ppo_model,0,100352,0.6082389987244898,1.54235830859432,12,0,0.6084482621173469,-0.3156578873215262,8.918552322188535,1.410724065021126,,,,
ppo_model,1,100352,0.6212830835459183,1.5190636491227023,12,0,0.6215222417091837,-0.7530597360903868,9.05734294376412,1.3932295957928098,,,,
ppo_model,2,100352,0.5723652742346939,1.6519161331824468,12,0,0.5700932716836735,-0.6453113430684518,9.780207464963187,1.4881263555584343,,,,
ppo_model,3,100352,0.5738998724489796,1.644300307390562,12,0,0.5719467474489796,-0.03859612392202229,9.082008048069756,1.5027762981006856,,,,
ppo_model,4,100352,0.6177256058673469,1.5146124217070291,12,0,0.6180544483418368,-0.6635786764135427,9.182457326291239,1.3643898987663428,,,,
a2c_model,0,100000,0.43385,2.1375400613515523,12,0,0.26296,0.5174499175024032,7.714717788262253,1.69147749626,,,,
a2c_model,1,100000,0.39745,2.1664862834419503,12,0,0.28646,0.1566328179013729,8.360919816703714,1.7811323628500002,,,,
a2c_model,2,100000,0.44548,1.9831519972972391,12,0,0.39819,-0.31986813939332964,9.289282470847109,1.6810760458800003,,,,
a2c_model,3,100000,0.34799,2.262070335056589,12,2,0.15963,0.22770383566975594,7.983866377349745,1.8931830663600002,,,,
a2c_model,4,100000,0.39013,2.1462105242825906,12,0,0.30084,-0.09163744525074959,8.883681994958303,1.8191931557699996,,,,
envelope_model,0,100000,0.80063,1.9983850911698195,12,0,0.4163,,,,1.4891535977338097,1.1127616022965818,2.0291433614468284,7.1886625890352995
envelope_model,1,100000,0.92148,1.8558642114652582,12,0,0.4722,,,,2.0599536430850653,1.8322079544823817,1.420641059689369,6.690133662561537
envelope_model,2,100000,0.9305,1.9346494774473357,12,0,0.47163,,,,2.013185153606615,1.7042402460492032,1.4902062060289352,6.590068536086731
envelope_model,3,100000,0.9054,1.7766274926603622,12,0,0.53043,,,,2.396195726714027,1.7895403176610865,1.1836711281696732,6.739596170354355
envelope_model,4,100000,0.84015,1.7228723238546306,12,0,0.53552,,,,1.4331400161717658,1.0648388050771098,1.7128457413285383,6.168319872104852
eupg_model,0,100000,0.05663,2.407084444829895,12,3,0.15517,,,2.44590775225,-2.072862311395382,-1.440264820890998,-1.4847868727728046,8.307032612035123
eupg_model,1,100000,0.053,2.3947732576841134,12,3,0.1352,,,2.43406818686,-1.8871721157474575,-1.4010319858697733,-1.5316082650523482,7.99266117835131
eupg_model,2,100000,0.03178,2.397670745020717,12,7,0.12212,,,2.4432233418399996,-0.051406121444152374,-0.04244152602046977,-0.07787592037463598,5.615586020380233
eupg_model,3,100000,0.05935,2.4011471394543498,12,8,0.13126,,,2.378467607379999,0.5143441030153835,0.3959842688559096,0.33144777129704367,6.844026806612982
eupg_model,4,100000,0.06639,2.368615492458123,12,11,0.14268,,,2.3819265447099998,0.3365755525613918,0.2772236078356615,0.30882866824589555,5.564312264496304
