Algorithm,Regime,N_steps,Match_rate_%,Mean_Delta_Resource,Mean_Delta_Resource_std,Mean_Delta_Resource_median,Mean_Delta_Network,Mean_Delta_Network_std,Mean_Delta_Network_median,Mean_Delta_Security,Mean_Delta_Security_std,Mean_Delta_Security_median
DQN,Advantage (match=1),91073,91.1
DQN,Regret    (match=0),8927,91.1
PPO,Advantage (match=1),61038,60.8
PPO,Regret    (match=0),39314,60.8
A2C,Advantage (match=1),39013,39.0
A2C,Regret    (match=0),60987,39.0
Envelope,Advantage (match=1),90540,90.5,2.6452,2.6568,2.1145,1.9886,1.9738,1.5887,1.5868,2.3472,1.3500
Envelope,Regret    (match=0),9460,90.5,0.0132,3.3024,0.2693,-0.1153,4.8749,0.5276,-2.6746,3.6340,-2.0211
EUPG,Advantage (match=1),3178,3.2,-2.7650,2.9726,-3.4374,-1.9981,2.5910,-2.5805,-2.1220,2.6006,-2.7033
EUPG,Regret    (match=0),96822,3.2,0.0377,2.9359,0.1006,0.0218,2.1883,0.0512,-0.0108,2.4220,0.0348
