feat_mean_mtd_overhead_bin,feat_mean_network_penalty_bin,feat_max_network_penalty_bin,feat_mean_security_penalty_bin,feat_max_security_penalty_bin,ci,cj,action
0,1,0,0,0,0,1,10
0,2,1,0,0,0,2,11
0,0,0,2,2,0,3,0
0,0,0,2,2,0,4,8
0,0,0,0,0,0,5,5
0,0,0,1,1,0,6,0
0,1,0,1,1,0,7,5
0,0,0,2,2,0,8,8
0,0,0,1,1,0,9,8
0,0,0,2,2,0,10,10
0,1,1,2,2,0,11,0
0,2,1,0,0,1,2,3
0,0,0,0,0,1,3,3
0,1,1,0,0,1,4,7
0,0,0,2,2,1,5,7
0,0,0,0,0,1,6,3
0,0,0,0,1,1,7,9
0,0,0,2,2,1,8,7
0,2,1,1,1,1,9,11
0,2,0,0,0,1,10,9
0,1,1,1,1,1,11,5
0,0,0,2,2,2,3,5
0,1,1,2,2,2,4,4
0,0,0,2,2,2,5,6
0,0,0,0,1,2,6,10
0,2,0,0,0,2,7,5
0,1,1,2,2,2,8,2
0,0,0,1,1,2,9,3
0,2,2,0,0,2,10,0
0,0,0,0,1,2,11,4
0,1,1,2,2,3,4,11
0,0,0,2,2,3,5,0
0,2,0,0,0,3,6,1
0,2,2,0,0,3,7,6
0,0,0,2,2,3,8,0
0,1,1,2,2,3,9,1
0,1,0,0,0,3,10,10
0,1,1,2,2,3,11,0
0,1,1,2,2,4,5,4
0,1,1,2,2,4,6,1
0,0,0,2,2,4,7,4
0,2,2,0,0,4,8,3
0,0,0,2,2,4,9,1
0,1,0,0,0,4,10,3
0,0,0,2,2,4,11,9
0,0,0,2,2,5,6,11
0,2,0,0,0,5,7,4
0,2,0,0,0,5,8,5
0,0,0,2,2,5,9,0
0,2,0,1,1,5,10,3
0,2,0,2,0,5,11,6
0,1,1,1,1,6,7,6
0,0,0,0,0,6,8,2
0,1,1,2,2,6,9,0
0,2,0,1,1,6,10,6
0,0,0,1,1,6,11,6
0,0,0,2,2,7,8,0
0,0,0,0,1,7,9,11
0,1,1,2,2,7,10,8
0,0,0,1,1,7,11,2
0,0,0,2,2,8,9,3
0,0,0,0,0,8,10,6
0,0,0,2,2,8,11,10
0,0,0,2,2,9,10,8
0,1,1,0,1,9,11,0
0,1,0,1,1,10,11,8
