feat_mean_mtd_overhead,feat_mean_network_penalty,feat_max_network_penalty,feat_mean_security_penalty,feat_max_security_penalty,ci,cj,action
0.0819789320230484,0.0084239412099123,0.035430908203125,3.0472216606140137,5.046875,0,1,11
0.0819789320230484,0.0060765403322875,0.0231475830078125,3.0380139350891118,5.06640625,0,2,9
0.0819789320230484,0.0105176651850342,0.031646728515625,2.9512393474578857,4.890625,0,3,5
0.0819789320230484,0.0114236557856202,0.0221710205078125,2.813962697982788,4.61328125,0,4,2
0.0819789320230484,0.0171328950673341,0.06170654296875,2.8019649982452397,4.58203125,0,5,4
0.0819789320230484,0.0078454697504639,0.0248870849609375,2.9942080974578857,4.9609375,0,6,2
0.0819789320230484,0.0096787046641111,0.0240020751953125,2.9551455974578857,4.89453125,0,7,4
0.0819789320230484,0.012280055321753,0.0655517578125,2.804197072982788,4.58984375,0,8,10
0.0819789320230484,0.0070664542727172,0.0302581787109375,2.8633487224578857,4.74609375,0,9,0
0.0819789320230484,0.0371186397969722,0.2012939453125,2.8019649982452397,4.58203125,0,10,9
0.0819789320230484,0.0143473492935299,0.028900146484375,2.837400197982788,4.6796875,0,11,5
0.0819789320230484,0.0097296582534909,0.023590087890625,2.949007272720337,4.88671875,1,2,5
0.0819789320230484,0.0092291152104735,0.0307159423828125,2.9850006103515625,4.9453125,1,3,3
0.0819789320230484,0.0074457442387938,0.0264739990234375,3.0355029106140137,5.02734375,1,4,0
0.0819789320230484,0.0117566240951418,0.0237579345703125,2.8136837482452397,4.61328125,1,5,7
0.0819789320230484,0.0387663170695304,0.21240234375,2.8128466606140137,4.61328125,1,6,8
0.0819789320230484,0.0169988367706537,0.032196044921875,2.841585397720337,4.69140625,1,7,5
0.0819789320230484,0.012686320580542,0.02972412109375,2.8262393474578857,4.6484375,1,8,3
0.0819789320230484,0.012426103465259,0.0257720947265625,2.8117306232452397,4.609375,1,9,8
0.0364467091858387,0.7807186841964722,5.41015625,2.798337697982788,4.578125,1,10,3
0.0819789320230484,0.0108639849349856,0.024017333984375,2.940915822982788,4.87109375,1,11,11
0.0819789320230484,0.0065571921877563,0.0260009765625,2.8809268474578857,4.79296875,2,3,0
0.0819789320230484,0.0117566240951418,0.0237579345703125,2.8136837482452397,4.61328125,2,4,7
0.0819789320230484,0.0104331970214843,0.0144271850585937,2.8030810356140137,4.5859375,2,5,8
0.0819789320230484,0.012426103465259,0.0257720947265625,2.8117306232452397,4.609375,2,6,8
0.0819789320230484,0.0048795426264405,0.014007568359375,2.808382272720337,4.6015625,2,7,0
0.0819789320230484,0.0067029679194092,0.0272674560546875,2.8036389350891118,4.58203125,2,8,0
0.0819789320230484,0.0142656052485108,0.0287933349609375,2.8915295600891118,4.7890625,2,9,5
0.0637032613158226,1.5517845153808594,5.41015625,2.798337697982788,4.578125,2,10,7
0.0819789320230484,0.0071533746086061,0.023284912109375,3.0338287353515625,5.02734375,2,11,10
0.0819789320230484,0.0191497802734375,0.06280517578125,2.812288522720337,4.609375,3,4,3
0.0819789320230484,0.0158920288085937,0.057464599609375,2.7994537353515625,4.58203125,3,5,5
0.0819789320230484,0.0168372560292482,0.06732177734375,2.8089404106140137,4.6015625,3,6,10
0.0819789320230484,0.7785603404045105,5.40234375,2.8014068603515625,4.578125,3,7,10
0.0819789320230484,0.0069400244392454,0.0298919677734375,2.9833264350891118,4.9765625,3,8,9
0.0819789320230484,0.0081212176010012,0.0374755859375,2.8382372856140137,4.67578125,3,9,0
0.0819789320230484,0.0094558168202638,0.018798828125,2.8078243732452397,4.59765625,3,10,11
0.0819789320230484,0.7808489203453064,5.41015625,2.7994537353515625,4.578125,3,11,11
0.0819789320230484,0.0105334687978029,0.016448974609375,2.8036389350891118,4.5859375,4,5,10
0.0819789320230484,0.7795859575271606,5.40234375,2.8008487224578857,4.58984375,4,6,1
0.0819789320230484,0.0078454697504639,0.0248870849609375,2.9942080974578857,4.9609375,4,7,2
0.0819789320230484,0.0191497802734375,0.06280517578125,2.812288522720337,4.609375,4,8,3
0.0819789320230484,0.0095947813242673,0.019500732421875,2.8078243732452397,4.59765625,4,9,1
0.0819789320230484,0.0372028350830078,0.198486328125,2.8069872856140137,4.59375,4,10,9
0.0819789320230484,0.015817642211914,0.0275421142578125,2.8443756103515625,4.69921875,4,11,5
0.0819789320230484,0.0112841473892331,0.0229339599609375,2.8108935356140137,4.60546875,5,6,5
0.0819789320230484,0.0094310212880373,0.0142898559570312,2.7997326850891118,4.578125,5,7,10
0.0819789320230484,0.0171328950673341,0.06170654296875,2.8019649982452397,4.58203125,5,8,4
0.0819789320230484,0.0101727079600095,0.0145111083984375,2.8014068603515625,4.578125,5,9,2
0.0819789320230484,0.0069778985343873,0.0292816162109375,2.8424224853515625,4.6875,5,10,0
0.0090855192393064,0.0090822493657469,0.0141830444335937,2.798337697982788,4.578125,5,11,7
0.0819789320230484,0.0052454811520874,0.017333984375,2.892087697982788,4.82421875,6,7,0
0.0819789320230484,0.0097089493647217,0.017608642578125,2.8089404106140137,4.6015625,6,8,0
0.0819789320230484,0.0100871492177248,0.014068603515625,2.8030810356140137,4.5859375,6,9,9
0.0819789320230484,1.5516455173492432,5.40625,2.7988955974578857,4.578125,6,10,0
0.0637032613158226,0.8076433539390564,5.41015625,2.798337697982788,4.578125,6,11,6
0.0819789320230484,0.0066539221443235,0.0269012451171875,3.0302014350891118,5.0546875,7,8,1
0.0819789320230484,0.0165301728993654,0.037078857421875,2.860837697982788,4.734375,7,9,4
0.0819789320230484,0.0094310212880373,0.0142898559570312,2.7997326850891118,4.578125,7,10,10
0.0819789320230484,0.0084201265126466,0.038543701171875,2.8089404106140137,4.59765625,7,11,1
0.0819789320230484,0.7792800068855286,5.40234375,2.798337697982788,4.578125,8,9,0
0.0819789320230484,0.0392281673848629,0.209228515625,2.8117306232452397,4.609375,8,10,8
0.0819789320230484,1.5514482259750366,5.41015625,2.798337697982788,4.578125,8,11,1
0.0637032613158226,1.5517845153808594,5.41015625,2.798337697982788,4.578125,9,10,7
0.0819789320230484,0.0097247529774904,0.0146636962890625,2.7997326850891118,4.578125,9,11,6
0.0819789320230484,0.010766165331006,0.016387939453125,2.802522897720337,4.58203125,10,11,4
