source_state,target_state,transition_count,source_visits,transition_probability,mean_source_g,mean_target_g,delta_mean_g
6,6.0,20832,21633,0.962973235334905,-1220.7203420828512,-1220.7203420828512,0.0
10,10.0,16763,17414,0.9626162857471,-1291.3598233797225,-1291.3598233797225,0.0
9,9.0,10045,10670,0.9414245548266167,-1300.7069801754224,-1300.7069801754224,0.0
4,4.0,8720,9589,0.9093753258942538,-1259.2544373204853,-1259.2544373204853,0.0
2,2.0,11344,13046,0.8695385558791967,-799.1914204273515,-799.1914204273515,0.0
3,3.0,1032,1255,0.8223107569721115,-1163.8734831912584,-1164.051909695765,-0.17842650450666042
7,7.0,2115,2636,0.8023520485584219,-841.3354412912418,-841.3354412912418,0.0
8,8.0,1949,2464,0.7909902597402597,-693.5969297591741,-693.5969297591741,0.0
1,1.0,9038,11886,0.7603903752313647,-851.0920174971033,-851.0920174971033,0.0
0,0.0,6626,8904,0.7441599281221922,-856.6817674576058,-856.7782314163801,-0.09646395877427949
5,4.0,262,502,0.5219123505976095,-1129.190433821355,-1259.2544373204853,-130.0640034991302
5,3.0,101,502,0.20119521912350596,-1129.190433821355,-1164.051909695765,-34.86147587440996
8,7.0,491,2464,0.1992694805194805,-693.5969297591741,-841.3354412912418,-147.7385115320676
0,1.0,1715,8904,0.19261006289308177,-856.6817674576058,-851.0920174971033,5.589749960502559
7,8.0,493,2636,0.18702579666160848,-841.3354412912418,-693.5969297591741,147.7385115320676
5,5.0,86,502,0.17131474103585656,-1129.190433821355,-1129.190433821355,0.0
1,0.0,1701,11886,0.1431095406360424,-851.0920174971033,-856.7782314163801,-5.686213919276838
5,6.0,52,502,0.10358565737051793,-1129.190433821355,-1220.7203420828512,-91.52990826149608
1,2.0,1131,11886,0.09515396264512872,-851.0920174971033,-799.1914204273515,51.90059706975171
3,6.0,113,1255,0.0900398406374502,-1163.8734831912584,-1220.7203420828512,-56.846858891592774
